{
	"__comment": "Designed by Loardvader with Cubik Studio - https://cubik.studio",
	"parent": "block/block",
	"textures": {
		"particle": "block/barrel_bottom",
		"side": "block/barrel_side",
		"Top": "block/barrel_top",
		"Bottom": "block/barrel_bottom",
		"top_open": "block/barrel_top_open",
		"Ring": "block/barrel_ring"
	},
	"elements": [ 	 
		{
			"__comment": "Box1",
			"from": [ 0, 0, 0 ],
			"to": [ 16, 16, 1.5 ],
			"faces": {
				"down": { "uv": [ 0, 14.5, 16, 16 ], "texture": "#Bottom" },
				"up": { "uv": [ 0, 0, 16, 1.5 ], "texture": "#Top" },
				"north": { "uv": [ 16, 0, 0, 16 ], "texture": "#side" },
				"south": { "uv": [ 0, 0, 16, 16 ], "texture": "#side" },
				"west": { "uv": [ 0, 0, 1.5, 16 ], "texture": "#side" },
				"east": { "uv": [ 1.5, 0, 0, 16 ], "texture": "#side" }
			}
		},
		{
			"__comment": "Box1",
			"from": [ 0, 0, 1.5 ],
			"to": [ 1.5, 16, 14.5 ],
			"faces": {
				"down": { "uv": [ 0, 1.5, 1.5, 14.5 ], "texture": "#Bottom" },
				"up": { "uv": [ 0, 1.5, 1.5, 14.5 ], "texture": "#Top" },
				"north": { "uv": [ 14.5, 0, 16, 16 ], "texture": "#side" },
				"south": { "uv": [ 0, 0, 1.5, 16 ], "texture": "#side" },
				"west": { "uv": [ 1.5, 0, 14.5, 16 ], "texture": "#side" },
				"east": { "uv": [ 1.5, 0, 14.5, 16 ], "texture": "#side" }
			}
		},
		{
			"__comment": "Box1",
			"from": [ 0, 0, 14.5 ],
			"to": [ 16, 16, 16 ],
			"faces": {
				"down": { "uv": [ 0, 0, 16, 1.5 ], "texture": "#Bottom" },
				"up": { "uv": [ 0, 14.5, 16, 16 ], "texture": "#Top" },
				"north": { "uv": [ 16, 0, 0, 16 ], "texture": "#side" },
				"south": { "uv": [ 0, 0, 16, 16 ], "texture": "#side" },
				"west": { "uv": [ 14.5, 0, 16, 16 ], "texture": "#side" },
				"east": { "uv": [ 16, 0, 14.5, 16 ], "texture": "#side" }
			}
		},
		{
			"__comment": "Box1",
			"from": [ 14.5, 0, 1.5 ],
			"to": [ 16, 16, 14.5 ],
			"faces": {
				"down": { "uv": [ 14.5, 1.5, 16, 14.5 ], "texture": "#Bottom" },
				"up": { "uv": [ 14.5, 1.5, 16, 14.5 ], "texture": "#Top" },
				"north": { "uv": [ 0, 0, 1.5, 16 ], "texture": "#side" },
				"south": { "uv": [ 14.5, 0, 16, 16 ], "texture": "#side" },
				"west": { "uv": [ 1.5, 0, 14.5, 16 ], "texture": "#side" },
				"east": { "uv": [ 1.5, 0, 14.5, 16 ], "texture": "#side" }
			}
		},
		{
			"__comment": "Box5",
			"from": [ 1.5, 0.75, 1.5 ],
			"to": [ 14.5, 1.75, 14.5 ],
			"faces": {
				"down": { "uv": [ 1.5, 1.5, 14.5, 14.5 ], "texture": "#Bottom" },
				"up": { "uv": [ 1.5, 1.5, 14.5, 14.5 ], "texture": "#Top" },
				"north": { "uv": [ 1.5, 14.25, 14.5, 15.25 ], "texture": "#side" },
				"south": { "uv": [ 1.5, 14.25, 14.5, 15.25 ], "texture": "#side" },
				"west": { "uv": [ 1.5, 14.25, 14.5, 15.25 ], "texture": "#side" },
				"east": { "uv": [ 1.5, 14.25, 14.5, 15.25 ], "texture": "#side" }
			}
		},
		{
			"__comment": "Box5",
			"from": [ 1.5, 14.375, 1.5 ],
			"to": [ 14.5, 15.375, 14.5 ],
			"faces": {
				"down": { "uv": [ 1.5, 1.5, 14.5, 14.5 ], "texture": "#Bottom" },
				"up": { "uv": [ 1.5, 1.5, 14.5, 14.5 ], "texture": "#top_open" },
				"north": { "uv": [ 1.5, 0.625, 14.5, 1.625 ], "texture": "#side" },
				"south": { "uv": [ 1.5, 0.625, 14.5, 1.625 ], "texture": "#side" },
				"west": { "uv": [ 1.5, 0.625, 14.5, 1.625 ], "texture": "#side" },
				"east": { "uv": [ 1.5, 0.625, 14.5, 1.625 ], "texture": "#side" }
			}
		},
		{
			"__comment": "Box7",
			"from": [ 13.5, 14.75, 8.75 ],
			"to": [ 15.5, 15.75, 10.25 ],
			"faces": {
				"down": { "uv": [ 2.25, 5.75, 4.25, 7.25 ], "texture": "#Top" },
				"up": { "uv": [ 2.25, 8.75, 4.25, 10.25 ], "texture": "#Top" },
				"north": { "uv": [ 4.25, 0, 2.25, 1 ], "texture": "#Ring" },
				"south": { "uv": [ 2.25, 0, 4.25, 1 ], "texture": "#Ring" },
				"west": { "uv": [ 8.75, 0, 10.25, 1 ], "texture": "#Ring" },
				"east": { "uv": [ 10.25, 0, 8.75, 1 ], "texture": "#Ring" }
			}
		},
		{
			"__comment": "Box7",
			"from": [ 13.75, 14.75, 8.5 ],
			"to": [ 15.25, 15.75, 10.5 ],
			"faces": {
				"down": { "uv": [ 2.5, 5.5, 4, 7.5 ], "texture": "#Top" },
				"up": { "uv": [ 2.5, 8.5, 4, 10.5 ], "texture": "#Top" },
				"north": { "uv": [ 4, 0, 2.5, 1 ], "texture": "#Ring" },
				"south": { "uv": [ 2.5, 0, 4, 1 ], "texture": "#Ring" },
				"west": { "uv": [ 8.5, 0, 10.5, 1 ], "texture": "#Ring" },
				"east": { "uv": [ 10.5, 0, 8.5, 1 ], "texture": "#Ring" }
			}
		},
		{
			"__comment": "Box9",
			"from": [ -0.25, 3.5, -0.25 ],
			"to": [ 16.25, 5, 16.25 ],
			"faces": {
				"down": { "uv": [ 0, 0, 16, 16 ], "texture": "#Ring" },
				"up": { "uv": [ 0, 0, 16, 16 ], "texture": "#Ring" },
				"north": { "uv": [ 0.25, 11, 15.75, 12.5 ], "texture": "#side" },
				"south": { "uv": [ 0, 11, 16, 12.5 ], "texture": "#side" },
				"west": { "uv": [ 0, 11, 16, 12.5 ], "texture": "#side" },
				"east": { "uv": [ 0.25, 11, 15.75, 12.5 ], "texture": "#side" }
			}
		},
		{
			"__comment": "Box9",
			"from": [ -0.25, 11, -0.25 ],
			"to": [ 16.25, 12.5, 16.25 ],
			"faces": {
				"down": { "uv": [ 0, 0, 16, 16 ], "texture": "#Ring" },
				"up": { "uv": [ 0, 0, 16, 16 ], "texture": "#Ring" },
				"north": { "uv": [ 0.25, 11, 15.75, 12.5 ], "texture": "#side" },
				"south": { "uv": [ 0, 11, 16, 12.5 ], "texture": "#side" },
				"west": { "uv": [ 0, 11, 16, 12.5 ], "texture": "#side" },
				"east": { "uv": [ 0.25, 11, 15.75, 12.5 ], "texture": "#side" }
			}
		}
	]
}