{
	"__comment": "Designed by Loardvader with Cubik Studio - https://cubik.studio",
	"textures": {
		"particle": "block/ladder",
		"texture": "block/ladder_pole",
		"texture1": "block/ladder_rung"
	},
	"elements": [ 	 
		{
			"__comment": "Box1",
			"from": [ 2.25, 0, 14.5 ],
			"to": [ 3.75, 16, 16 ],
			"faces": {
				"down": { "uv": [ 2.25, 0, 3.75, 1.5 ], "texture": "#texture" },
				"up": { "uv": [ 2.25, 14.5, 3.75, 16 ], "texture": "#texture" },
				"north": { "uv": [ 3.75, 0, 2.25, 16 ], "texture": "#texture" },
				"south": { "uv": [ 2.25, 0, 3.75, 16 ], "texture": "#texture" },
				"west": { "uv": [ 14.5, 0, 16, 16 ], "texture": "#texture" },
				"east": { "uv": [ 16, 0, 14.5, 16 ], "texture": "#texture" }
			}
		},
		{
			"__comment": "Box3",
			"from": [ 4, 12, 15 ],
			"to": [ 12, 13.5, 15.5 ],
			"faces": {
				"down": { "uv": [ 4, 0.5, 12, 1 ], "texture": "#texture1" },
				"up": { "uv": [ 4, 15, 12, 15.5 ], "texture": "#texture1" },
				"north": { "uv": [ 4, 2.5, 12, 4 ], "texture": "#particle" },
				"south": { "uv": [ 4, 2.5, 12, 4 ], "texture": "#texture1" },
				"west": { "uv": [ 15, 2.5, 15.5, 4 ], "texture": "#texture1" },
				"east": { "uv": [ 0.5, 2.5, 1, 4 ], "texture": "#texture1" }
			}
		},
		{
			"__comment": "Box1",
			"from": [ 12.25, 0, 14.5 ],
			"to": [ 13.75, 16, 16 ],
			"faces": {
				"down": { "uv": [ 12.25, 0, 13.75, 1.5 ], "texture": "#texture" },
				"up": { "uv": [ 12.25, 14.5, 13.75, 16 ], "texture": "#texture" },
				"north": { "uv": [ 2.25, 0, 3.75, 16 ], "texture": "#texture" },
				"south": { "uv": [ 12.25, 0, 13.75, 16 ], "texture": "#texture" },
				"west": { "uv": [ 14.5, 0, 16, 16 ], "texture": "#texture" },
				"east": { "uv": [ 0, 0, 1.5, 16 ], "texture": "#texture" }
			}
		},
		{
			"__comment": "Box3",
			"from": [ 4, 3.75, 15 ],
			"to": [ 12, 5.25, 15.5 ],
			"faces": {
				"down": { "uv": [ 4, 0.5, 12, 1 ], "texture": "#texture1" },
				"up": { "uv": [ 4, 15, 12, 15.5 ], "texture": "#texture1" },
				"north": { "uv": [ 4, 10.75, 12, 12.25 ], "texture": "#texture1" },
				"south": { "uv": [ 4, 10.75, 12, 12.25 ], "texture": "#texture1" },
				"west": { "uv": [ 15, 10.75, 15.5, 12.25 ], "texture": "#texture1" },
				"east": { "uv": [ 0.5, 10.75, 1, 12.25 ], "texture": "#texture1" }
			}
		},
		{
			"__comment": "Box5",
			"from": [ 3.75, 3.5, 14.75 ],
			"to": [ 4, 5.5, 15.75 ],
			"faces": {
				"down": { "uv": [ 3.75, 0.25, 4, 1.25 ], "texture": "#texture" },
				"up": { "uv": [ 3.75, 14.75, 4, 15.75 ], "texture": "#texture" },
				"north": { "uv": [ 12, 10.5, 12.25, 12.5 ], "texture": "#texture" },
				"south": { "uv": [ 3.75, 10.5, 4, 12.5 ], "texture": "#texture" },
				"west": { "uv": [ 14.75, 10.5, 15.75, 12.5 ], "texture": "#texture" },
				"east": { "uv": [ 0.25, 10.5, 1.25, 12.5 ], "texture": "#texture" }
			}
		},
		{
			"__comment": "Box5",
			"from": [ 12, 3.5, 14.75 ],
			"to": [ 12.25, 5.5, 15.75 ],
			"faces": {
				"down": { "uv": [ 3.75, 0.25, 4, 1.25 ], "texture": "#texture" },
				"up": { "uv": [ 3.75, 14.75, 4, 15.75 ], "texture": "#texture" },
				"north": { "uv": [ 12, 10.5, 12.25, 12.5 ], "texture": "#texture" },
				"south": { "uv": [ 3.75, 10.5, 4, 12.5 ], "texture": "#texture" },
				"west": { "uv": [ 14.75, 10.5, 15.75, 12.5 ], "texture": "#texture" },
				"east": { "uv": [ 0.25, 10.5, 1.25, 12.5 ], "texture": "#texture" }
			}
		},
		{
			"__comment": "Box5",
			"from": [ 3.75, 11.75, 14.75 ],
			"to": [ 4, 13.75, 15.75 ],
			"faces": {
				"down": { "uv": [ 3.75, 0.25, 4, 1.25 ], "texture": "#texture" },
				"up": { "uv": [ 3.75, 14.75, 4, 15.75 ], "texture": "#texture" },
				"north": { "uv": [ 12, 10.5, 12.25, 12.5 ], "texture": "#texture" },
				"south": { "uv": [ 3.75, 10.5, 4, 12.5 ], "texture": "#texture" },
				"west": { "uv": [ 14.75, 10.5, 15.75, 12.5 ], "texture": "#texture" },
				"east": { "uv": [ 0.25, 10.5, 1.25, 12.5 ], "texture": "#texture" }
			}
		},
		{
			"__comment": "Box5",
			"from": [ 12, 11.75, 14.75 ],
			"to": [ 12.25, 13.75, 15.75 ],
			"faces": {
				"down": { "uv": [ 3.75, 0.25, 4, 1.25 ], "texture": "#texture" },
				"up": { "uv": [ 3.75, 14.75, 4, 15.75 ], "texture": "#texture" },
				"north": { "uv": [ 12, 10.5, 12.25, 12.5 ], "texture": "#texture" },
				"south": { "uv": [ 3.75, 10.5, 4, 12.5 ], "texture": "#texture" },
				"west": { "uv": [ 14.75, 10.5, 15.75, 12.5 ], "texture": "#texture" },
				"east": { "uv": [ 0.25, 10.5, 1.25, 12.5 ], "texture": "#texture" }
			}
		}
	]
}